GKZ;CODE;TXT
10101;2;intermediate density area (towns, suburbs)
10201;3;thinly-populated area (rural area)
10301;3;thinly-populated area (rural area)
10302;3;thinly-populated area (rural area)
10303;2;intermediate density area (towns, suburbs)
10304;3;thinly-populated area (rural area)
10305;3;thinly-populated area (rural area)
10306;3;thinly-populated area (rural area)
10307;3;thinly-populated area (rural area)
10308;2;intermediate density area (towns, suburbs)
10309;2;intermediate density area (towns, suburbs)
10310;3;thinly-populated area (rural area)
10311;3;thinly-populated area (rural area)
10312;3;thinly-populated area (rural area)
10313;3;thinly-populated area (rural area)
10314;3;thinly-populated area (rural area)
10315;3;thinly-populated area (rural area)
10316;3;thinly-populated area (rural area)
10317;3;thinly-populated area (rural area)
10318;3;thinly-populated area (rural area)
10319;3;thinly-populated area (rural area)
10320;3;thinly-populated area (rural area)
10321;3;thinly-populated area (rural area)
10322;3;thinly-populated area (rural area)
10323;3;thinly-populated area (rural area)
10401;3;thinly-populated area (rural area)
10402;3;thinly-populated area (rural area)
10403;3;thinly-populated area (rural area)
10404;3;thinly-populated area (rural area)
10405;3;thinly-populated area (rural area)
10406;3;thinly-populated area (rural area)
10407;3;thinly-populated area (rural area)
10408;3;thinly-populated area (rural area)
10409;3;thinly-populated area (rural area)
10410;3;thinly-populated area (rural area)
10411;3;thinly-populated area (rural area)
10412;3;thinly-populated area (rural area)
10413;3;thinly-populated area (rural area)
10414;3;thinly-populated area (rural area)
10415;3;thinly-populated area (rural area)
10416;3;thinly-populated area (rural area)
10417;3;thinly-populated area (rural area)
10418;3;thinly-populated area (rural area)
10419;3;thinly-populated area (rural area)
10420;3;thinly-populated area (rural area)
10421;3;thinly-populated area (rural area)
10422;3;thinly-populated area (rural area)
10423;3;thinly-populated area (rural area)
10424;3;thinly-populated area (rural area)
10425;3;thinly-populated area (rural area)
10426;3;thinly-populated area (rural area)
10427;3;thinly-populated area (rural area)
10428;3;thinly-populated area (rural area)
10501;3;thinly-populated area (rural area)
10502;3;thinly-populated area (rural area)
10503;3;thinly-populated area (rural area)
10504;3;thinly-populated area (rural area)
10505;3;thinly-populated area (rural area)
10506;3;thinly-populated area (rural area)
10507;3;thinly-populated area (rural area)
10508;3;thinly-populated area (rural area)
10509;3;thinly-populated area (rural area)
10510;3;thinly-populated area (rural area)
10511;3;thinly-populated area (rural area)
10512;3;thinly-populated area (rural area)
10601;3;thinly-populated area (rural area)
10602;3;thinly-populated area (rural area)
10603;3;thinly-populated area (rural area)
10604;3;thinly-populated area (rural area)
10605;2;intermediate density area (towns, suburbs)
10606;2;intermediate density area (towns, suburbs)
10607;2;intermediate density area (towns, suburbs)
10608;2;intermediate density area (towns, suburbs)
10609;3;thinly-populated area (rural area)
10610;2;intermediate density area (towns, suburbs)
10611;3;thinly-populated area (rural area)
10612;3;thinly-populated area (rural area)
10613;3;thinly-populated area (rural area)
10614;3;thinly-populated area (rural area)
10615;3;thinly-populated area (rural area)
10616;2;intermediate density area (towns, suburbs)
10617;3;thinly-populated area (rural area)
10618;2;intermediate density area (towns, suburbs)
10619;3;thinly-populated area (rural area)
10701;3;thinly-populated area (rural area)
10702;3;thinly-populated area (rural area)
10703;3;thinly-populated area (rural area)
10704;3;thinly-populated area (rural area)
10705;3;thinly-populated area (rural area)
10706;3;thinly-populated area (rural area)
10707;3;thinly-populated area (rural area)
10708;3;thinly-populated area (rural area)
10709;3;thinly-populated area (rural area)
10710;3;thinly-populated area (rural area)
10711;3;thinly-populated area (rural area)
10712;3;thinly-populated area (rural area)
10713;2;intermediate density area (towns, suburbs)
10714;3;thinly-populated area (rural area)
10715;3;thinly-populated area (rural area)
10716;3;thinly-populated area (rural area)
10717;3;thinly-populated area (rural area)
10718;3;thinly-populated area (rural area)
10719;3;thinly-populated area (rural area)
10720;3;thinly-populated area (rural area)
10721;3;thinly-populated area (rural area)
10722;3;thinly-populated area (rural area)
10723;3;thinly-populated area (rural area)
10724;3;thinly-populated area (rural area)
10725;3;thinly-populated area (rural area)
10726;3;thinly-populated area (rural area)
10727;3;thinly-populated area (rural area)
10801;3;thinly-populated area (rural area)
10802;3;thinly-populated area (rural area)
10803;3;thinly-populated area (rural area)
10804;3;thinly-populated area (rural area)
10805;3;thinly-populated area (rural area)
10806;3;thinly-populated area (rural area)
10807;3;thinly-populated area (rural area)
10808;3;thinly-populated area (rural area)
10809;3;thinly-populated area (rural area)
10810;3;thinly-populated area (rural area)
10811;3;thinly-populated area (rural area)
10812;3;thinly-populated area (rural area)
10813;3;thinly-populated area (rural area)
10814;3;thinly-populated area (rural area)
10815;3;thinly-populated area (rural area)
10816;3;thinly-populated area (rural area)
10817;3;thinly-populated area (rural area)
10818;3;thinly-populated area (rural area)
10819;3;thinly-populated area (rural area)
10820;3;thinly-populated area (rural area)
10821;3;thinly-populated area (rural area)
10822;3;thinly-populated area (rural area)
10823;3;thinly-populated area (rural area)
10824;3;thinly-populated area (rural area)
10825;3;thinly-populated area (rural area)
10826;3;thinly-populated area (rural area)
10827;3;thinly-populated area (rural area)
10828;3;thinly-populated area (rural area)
10901;3;thinly-populated area (rural area)
10902;3;thinly-populated area (rural area)
10903;3;thinly-populated area (rural area)
10904;3;thinly-populated area (rural area)
10905;3;thinly-populated area (rural area)
10906;3;thinly-populated area (rural area)
10907;3;thinly-populated area (rural area)
10908;3;thinly-populated area (rural area)
10909;3;thinly-populated area (rural area)
10910;3;thinly-populated area (rural area)
10911;3;thinly-populated area (rural area)
10912;3;thinly-populated area (rural area)
10913;3;thinly-populated area (rural area)
10914;3;thinly-populated area (rural area)
10915;3;thinly-populated area (rural area)
10916;3;thinly-populated area (rural area)
10917;2;intermediate density area (towns, suburbs)
10918;2;intermediate density area (towns, suburbs)
10919;3;thinly-populated area (rural area)
10920;2;intermediate density area (towns, suburbs)
10921;3;thinly-populated area (rural area)
10922;3;thinly-populated area (rural area)
10923;3;thinly-populated area (rural area)
10924;3;thinly-populated area (rural area)
10925;3;thinly-populated area (rural area)
10926;3;thinly-populated area (rural area)
10927;3;thinly-populated area (rural area)
10928;3;thinly-populated area (rural area)
10929;3;thinly-populated area (rural area)
10930;3;thinly-populated area (rural area)
10931;3;thinly-populated area (rural area)
10932;3;thinly-populated area (rural area)
20101;1;densely populated area (cities/urban centres/urban areas)
20201;2;intermediate density area (towns, suburbs)
20302;3;thinly-populated area (rural area)
20305;3;thinly-populated area (rural area)
20306;3;thinly-populated area (rural area)
20307;3;thinly-populated area (rural area)
20316;3;thinly-populated area (rural area)
20320;3;thinly-populated area (rural area)
20321;3;thinly-populated area (rural area)
20402;3;thinly-populated area (rural area)
20403;3;thinly-populated area (rural area)
20405;3;thinly-populated area (rural area)
20409;3;thinly-populated area (rural area)
20412;3;thinly-populated area (rural area)
20414;3;thinly-populated area (rural area)
20415;3;thinly-populated area (rural area)
20416;3;thinly-populated area (rural area)
20417;3;thinly-populated area (rural area)
20418;3;thinly-populated area (rural area)
20419;3;thinly-populated area (rural area)
20421;3;thinly-populated area (rural area)
20424;3;thinly-populated area (rural area)
20425;3;thinly-populated area (rural area)
20428;3;thinly-populated area (rural area)
20432;3;thinly-populated area (rural area)
20435;3;thinly-populated area (rural area)
20441;3;thinly-populated area (rural area)
20442;3;thinly-populated area (rural area)
20501;3;thinly-populated area (rural area)
20502;3;thinly-populated area (rural area)
20503;3;thinly-populated area (rural area)
20504;3;thinly-populated area (rural area)
20505;3;thinly-populated area (rural area)
20506;3;thinly-populated area (rural area)
20508;3;thinly-populated area (rural area)
20509;3;thinly-populated area (rural area)
20511;3;thinly-populated area (rural area)
20512;3;thinly-populated area (rural area)
20513;3;thinly-populated area (rural area)
20515;3;thinly-populated area (rural area)
20518;3;thinly-populated area (rural area)
20519;3;thinly-populated area (rural area)
20520;3;thinly-populated area (rural area)
20523;3;thinly-populated area (rural area)
20527;2;intermediate density area (towns, suburbs)
20530;3;thinly-populated area (rural area)
20531;3;thinly-populated area (rural area)
20534;3;thinly-populated area (rural area)
20601;3;thinly-populated area (rural area)
20602;3;thinly-populated area (rural area)
20603;3;thinly-populated area (rural area)
20604;3;thinly-populated area (rural area)
20605;3;thinly-populated area (rural area)
20607;3;thinly-populated area (rural area)
20608;3;thinly-populated area (rural area)
20609;3;thinly-populated area (rural area)
20610;3;thinly-populated area (rural area)
20611;3;thinly-populated area (rural area)
20613;3;thinly-populated area (rural area)
20616;3;thinly-populated area (rural area)
20618;3;thinly-populated area (rural area)
20619;3;thinly-populated area (rural area)
20620;3;thinly-populated area (rural area)
20622;3;thinly-populated area (rural area)
20624;3;thinly-populated area (rural area)
20625;3;thinly-populated area (rural area)
20627;3;thinly-populated area (rural area)
20630;3;thinly-populated area (rural area)
20631;3;thinly-populated area (rural area)
20632;3;thinly-populated area (rural area)
20633;3;thinly-populated area (rural area)
20634;2;intermediate density area (towns, suburbs)
20635;2;intermediate density area (towns, suburbs)
20636;3;thinly-populated area (rural area)
20637;3;thinly-populated area (rural area)
20638;3;thinly-populated area (rural area)
20639;3;thinly-populated area (rural area)
20640;3;thinly-populated area (rural area)
20642;3;thinly-populated area (rural area)
20643;3;thinly-populated area (rural area)
20644;3;thinly-populated area (rural area)
20701;3;thinly-populated area (rural area)
20702;3;thinly-populated area (rural area)
20703;3;thinly-populated area (rural area)
20705;3;thinly-populated area (rural area)
20707;3;thinly-populated area (rural area)
20708;3;thinly-populated area (rural area)
20710;3;thinly-populated area (rural area)
20711;3;thinly-populated area (rural area)
20712;3;thinly-populated area (rural area)
20713;3;thinly-populated area (rural area)
20719;3;thinly-populated area (rural area)
20720;3;thinly-populated area (rural area)
20721;3;thinly-populated area (rural area)
20722;3;thinly-populated area (rural area)
20723;3;thinly-populated area (rural area)
20724;3;thinly-populated area (rural area)
20725;3;thinly-populated area (rural area)
20726;3;thinly-populated area (rural area)
20727;2;intermediate density area (towns, suburbs)
20801;3;thinly-populated area (rural area)
20802;3;thinly-populated area (rural area)
20803;3;thinly-populated area (rural area)
20804;3;thinly-populated area (rural area)
20805;3;thinly-populated area (rural area)
20806;3;thinly-populated area (rural area)
20807;3;thinly-populated area (rural area)
20808;3;thinly-populated area (rural area)
20810;3;thinly-populated area (rural area)
20812;3;thinly-populated area (rural area)
20813;3;thinly-populated area (rural area)
20815;3;thinly-populated area (rural area)
20817;3;thinly-populated area (rural area)
20901;3;thinly-populated area (rural area)
20905;3;thinly-populated area (rural area)
20909;3;thinly-populated area (rural area)
20911;3;thinly-populated area (rural area)
20912;3;thinly-populated area (rural area)
20913;3;thinly-populated area (rural area)
20914;3;thinly-populated area (rural area)
20918;3;thinly-populated area (rural area)
20923;2;intermediate density area (towns, suburbs)
21001;3;thinly-populated area (rural area)
21002;2;intermediate density area (towns, suburbs)
21003;3;thinly-populated area (rural area)
21004;3;thinly-populated area (rural area)
21005;3;thinly-populated area (rural area)
21006;3;thinly-populated area (rural area)
21007;3;thinly-populated area (rural area)
21008;3;thinly-populated area (rural area)
21009;3;thinly-populated area (rural area)
21010;3;thinly-populated area (rural area)
30101;2;intermediate density area (towns, suburbs)
30201;2;intermediate density area (towns, suburbs)
30301;2;intermediate density area (towns, suburbs)
30401;2;intermediate density area (towns, suburbs)
30501;3;thinly-populated area (rural area)
30502;2;intermediate density area (towns, suburbs)
30503;3;thinly-populated area (rural area)
30504;3;thinly-populated area (rural area)
30506;3;thinly-populated area (rural area)
30507;3;thinly-populated area (rural area)
30508;2;intermediate density area (towns, suburbs)
30509;3;thinly-populated area (rural area)
30510;3;thinly-populated area (rural area)
30511;3;thinly-populated area (rural area)
30512;3;thinly-populated area (rural area)
30514;3;thinly-populated area (rural area)
30515;3;thinly-populated area (rural area)
30516;3;thinly-populated area (rural area)
30517;2;intermediate density area (towns, suburbs)
30520;3;thinly-populated area (rural area)
30521;3;thinly-populated area (rural area)
30522;3;thinly-populated area (rural area)
30524;3;thinly-populated area (rural area)
30526;3;thinly-populated area (rural area)
30527;3;thinly-populated area (rural area)
30529;3;thinly-populated area (rural area)
30530;3;thinly-populated area (rural area)
30531;2;intermediate density area (towns, suburbs)
30532;3;thinly-populated area (rural area)
30533;2;intermediate density area (towns, suburbs)
30534;3;thinly-populated area (rural area)
30536;3;thinly-populated area (rural area)
30538;3;thinly-populated area (rural area)
30539;3;thinly-populated area (rural area)
30541;3;thinly-populated area (rural area)
30542;3;thinly-populated area (rural area)
30543;3;thinly-populated area (rural area)
30544;3;thinly-populated area (rural area)
30601;3;thinly-populated area (rural area)
30602;3;thinly-populated area (rural area)
30603;2;intermediate density area (towns, suburbs)
30604;2;intermediate density area (towns, suburbs)
30605;2;intermediate density area (towns, suburbs)
30607;2;intermediate density area (towns, suburbs)
30608;2;intermediate density area (towns, suburbs)
30609;3;thinly-populated area (rural area)
30612;2;intermediate density area (towns, suburbs)
30613;3;thinly-populated area (rural area)
30614;3;thinly-populated area (rural area)
30615;2;intermediate density area (towns, suburbs)
30616;3;thinly-populated area (rural area)
30618;2;intermediate density area (towns, suburbs)
30620;2;intermediate density area (towns, suburbs)
30621;3;thinly-populated area (rural area)
30623;2;intermediate density area (towns, suburbs)
30625;2;intermediate density area (towns, suburbs)
30626;3;thinly-populated area (rural area)
30627;3;thinly-populated area (rural area)
30629;3;thinly-populated area (rural area)
30631;2;intermediate density area (towns, suburbs)
30633;3;thinly-populated area (rural area)
30635;2;intermediate density area (towns, suburbs)
30636;2;intermediate density area (towns, suburbs)
30637;2;intermediate density area (towns, suburbs)
30639;2;intermediate density area (towns, suburbs)
30641;2;intermediate density area (towns, suburbs)
30645;3;thinly-populated area (rural area)
30646;3;thinly-populated area (rural area)
30701;3;thinly-populated area (rural area)
30702;3;thinly-populated area (rural area)
30703;3;thinly-populated area (rural area)
30704;2;intermediate density area (towns, suburbs)
30706;2;intermediate density area (towns, suburbs)
30708;3;thinly-populated area (rural area)
30709;3;thinly-populated area (rural area)
30710;2;intermediate density area (towns, suburbs)
30711;3;thinly-populated area (rural area)
30712;3;thinly-populated area (rural area)
30713;3;thinly-populated area (rural area)
30715;3;thinly-populated area (rural area)
30716;3;thinly-populated area (rural area)
30718;3;thinly-populated area (rural area)
30719;3;thinly-populated area (rural area)
30721;3;thinly-populated area (rural area)
30722;3;thinly-populated area (rural area)
30724;3;thinly-populated area (rural area)
30726;3;thinly-populated area (rural area)
30728;3;thinly-populated area (rural area)
30801;3;thinly-populated area (rural area)
30802;3;thinly-populated area (rural area)
30803;3;thinly-populated area (rural area)
30804;3;thinly-populated area (rural area)
30805;3;thinly-populated area (rural area)
30808;2;intermediate density area (towns, suburbs)
30810;3;thinly-populated area (rural area)
30811;3;thinly-populated area (rural area)
30812;3;thinly-populated area (rural area)
30813;3;thinly-populated area (rural area)
30814;3;thinly-populated area (rural area)
30817;2;intermediate density area (towns, suburbs)
30819;3;thinly-populated area (rural area)
30821;2;intermediate density area (towns, suburbs)
30822;3;thinly-populated area (rural area)
30824;3;thinly-populated area (rural area)
30825;3;thinly-populated area (rural area)
30826;3;thinly-populated area (rural area)
30827;3;thinly-populated area (rural area)
30828;3;thinly-populated area (rural area)
30829;3;thinly-populated area (rural area)
30830;3;thinly-populated area (rural area)
30831;3;thinly-populated area (rural area)
30834;3;thinly-populated area (rural area)
30835;3;thinly-populated area (rural area)
30836;3;thinly-populated area (rural area)
30838;3;thinly-populated area (rural area)
30841;3;thinly-populated area (rural area)
30842;3;thinly-populated area (rural area)
30844;3;thinly-populated area (rural area)
30845;3;thinly-populated area (rural area)
30846;3;thinly-populated area (rural area)
30848;3;thinly-populated area (rural area)
30849;3;thinly-populated area (rural area)
30850;3;thinly-populated area (rural area)
30852;3;thinly-populated area (rural area)
30854;3;thinly-populated area (rural area)
30856;2;intermediate density area (towns, suburbs)
30857;3;thinly-populated area (rural area)
30858;3;thinly-populated area (rural area)
30859;3;thinly-populated area (rural area)
30860;3;thinly-populated area (rural area)
30863;3;thinly-populated area (rural area)
30865;3;thinly-populated area (rural area)
30902;3;thinly-populated area (rural area)
30903;3;thinly-populated area (rural area)
30904;3;thinly-populated area (rural area)
30906;3;thinly-populated area (rural area)
30908;2;intermediate density area (towns, suburbs)
30909;3;thinly-populated area (rural area)
30910;3;thinly-populated area (rural area)
30912;3;thinly-populated area (rural area)
30913;3;thinly-populated area (rural area)
30915;3;thinly-populated area (rural area)
30916;3;thinly-populated area (rural area)
30917;3;thinly-populated area (rural area)
30920;3;thinly-populated area (rural area)
30921;3;thinly-populated area (rural area)
30925;3;thinly-populated area (rural area)
30929;3;thinly-populated area (rural area)
30932;3;thinly-populated area (rural area)
30935;3;thinly-populated area (rural area)
30939;3;thinly-populated area (rural area)
30940;3;thinly-populated area (rural area)
30942;3;thinly-populated area (rural area)
31001;3;thinly-populated area (rural area)
31008;3;thinly-populated area (rural area)
31009;3;thinly-populated area (rural area)
31014;3;thinly-populated area (rural area)
31015;3;thinly-populated area (rural area)
31016;3;thinly-populated area (rural area)
31018;3;thinly-populated area (rural area)
31019;3;thinly-populated area (rural area)
31021;3;thinly-populated area (rural area)
31022;2;intermediate density area (towns, suburbs)
31025;3;thinly-populated area (rural area)
31026;3;thinly-populated area (rural area)
31028;3;thinly-populated area (rural area)
31033;3;thinly-populated area (rural area)
31035;3;thinly-populated area (rural area)
31036;3;thinly-populated area (rural area)
31037;3;thinly-populated area (rural area)
31038;3;thinly-populated area (rural area)
31041;3;thinly-populated area (rural area)
31042;3;thinly-populated area (rural area)
31043;3;thinly-populated area (rural area)
31051;3;thinly-populated area (rural area)
31052;3;thinly-populated area (rural area)
31053;3;thinly-populated area (rural area)
31101;3;thinly-populated area (rural area)
31102;3;thinly-populated area (rural area)
31103;3;thinly-populated area (rural area)
31104;3;thinly-populated area (rural area)
31105;3;thinly-populated area (rural area)
31106;3;thinly-populated area (rural area)
31107;3;thinly-populated area (rural area)
31109;2;intermediate density area (towns, suburbs)
31110;3;thinly-populated area (rural area)
31111;3;thinly-populated area (rural area)
31113;3;thinly-populated area (rural area)
31114;3;thinly-populated area (rural area)
31117;3;thinly-populated area (rural area)
31119;3;thinly-populated area (rural area)
31120;3;thinly-populated area (rural area)
31121;3;thinly-populated area (rural area)
31123;3;thinly-populated area (rural area)
31124;3;thinly-populated area (rural area)
31129;3;thinly-populated area (rural area)
31130;3;thinly-populated area (rural area)
31201;2;intermediate density area (towns, suburbs)
31202;2;intermediate density area (towns, suburbs)
31203;3;thinly-populated area (rural area)
31204;3;thinly-populated area (rural area)
31205;3;thinly-populated area (rural area)
31206;2;intermediate density area (towns, suburbs)
31207;3;thinly-populated area (rural area)
31208;3;thinly-populated area (rural area)
31213;2;intermediate density area (towns, suburbs)
31214;2;intermediate density area (towns, suburbs)
31215;3;thinly-populated area (rural area)
31216;3;thinly-populated area (rural area)
31224;3;thinly-populated area (rural area)
31226;3;thinly-populated area (rural area)
31227;2;intermediate density area (towns, suburbs)
31228;3;thinly-populated area (rural area)
31229;3;thinly-populated area (rural area)
31230;2;intermediate density area (towns, suburbs)
31234;3;thinly-populated area (rural area)
31301;3;thinly-populated area (rural area)
31302;3;thinly-populated area (rural area)
31303;3;thinly-populated area (rural area)
31304;3;thinly-populated area (rural area)
31308;2;intermediate density area (towns, suburbs)
31309;3;thinly-populated area (rural area)
31310;3;thinly-populated area (rural area)
31311;3;thinly-populated area (rural area)
31315;2;intermediate density area (towns, suburbs)
31319;3;thinly-populated area (rural area)
31321;3;thinly-populated area (rural area)
31322;2;intermediate density area (towns, suburbs)
31323;3;thinly-populated area (rural area)
31324;3;thinly-populated area (rural area)
31326;3;thinly-populated area (rural area)
31327;2;intermediate density area (towns, suburbs)
31330;3;thinly-populated area (rural area)
31333;3;thinly-populated area (rural area)
31336;3;thinly-populated area (rural area)
31337;2;intermediate density area (towns, suburbs)
31338;3;thinly-populated area (rural area)
31340;3;thinly-populated area (rural area)
31343;3;thinly-populated area (rural area)
31344;3;thinly-populated area (rural area)
31346;3;thinly-populated area (rural area)
31347;3;thinly-populated area (rural area)
31350;3;thinly-populated area (rural area)
31351;3;thinly-populated area (rural area)
31355;3;thinly-populated area (rural area)
31356;3;thinly-populated area (rural area)
31401;3;thinly-populated area (rural area)
31402;3;thinly-populated area (rural area)
31403;3;thinly-populated area (rural area)
31404;3;thinly-populated area (rural area)
31405;3;thinly-populated area (rural area)
31406;3;thinly-populated area (rural area)
31407;3;thinly-populated area (rural area)
31408;3;thinly-populated area (rural area)
31409;3;thinly-populated area (rural area)
31410;3;thinly-populated area (rural area)
31411;3;thinly-populated area (rural area)
31412;3;thinly-populated area (rural area)
31413;3;thinly-populated area (rural area)
31414;3;thinly-populated area (rural area)
31502;3;thinly-populated area (rural area)
31503;3;thinly-populated area (rural area)
31504;3;thinly-populated area (rural area)
31505;3;thinly-populated area (rural area)
31506;3;thinly-populated area (rural area)
31507;3;thinly-populated area (rural area)
31508;2;intermediate density area (towns, suburbs)
31509;2;intermediate density area (towns, suburbs)
31511;3;thinly-populated area (rural area)
31513;3;thinly-populated area (rural area)
31514;3;thinly-populated area (rural area)
31515;3;thinly-populated area (rural area)
31516;2;intermediate density area (towns, suburbs)
31517;2;intermediate density area (towns, suburbs)
31519;3;thinly-populated area (rural area)
31520;3;thinly-populated area (rural area)
31521;3;thinly-populated area (rural area)
31522;2;intermediate density area (towns, suburbs)
31523;3;thinly-populated area (rural area)
31524;3;thinly-populated area (rural area)
31525;3;thinly-populated area (rural area)
31527;3;thinly-populated area (rural area)
31528;3;thinly-populated area (rural area)
31530;2;intermediate density area (towns, suburbs)
31531;2;intermediate density area (towns, suburbs)
31533;2;intermediate density area (towns, suburbs)
31534;3;thinly-populated area (rural area)
31535;3;thinly-populated area (rural area)
31537;3;thinly-populated area (rural area)
31539;3;thinly-populated area (rural area)
31540;3;thinly-populated area (rural area)
31541;3;thinly-populated area (rural area)
31542;3;thinly-populated area (rural area)
31543;3;thinly-populated area (rural area)
31546;3;thinly-populated area (rural area)
31549;2;intermediate density area (towns, suburbs)
31550;3;thinly-populated area (rural area)
31551;3;thinly-populated area (rural area)
31552;3;thinly-populated area (rural area)
31553;3;thinly-populated area (rural area)
31601;3;thinly-populated area (rural area)
31603;3;thinly-populated area (rural area)
31604;3;thinly-populated area (rural area)
31605;3;thinly-populated area (rural area)
31606;3;thinly-populated area (rural area)
31608;3;thinly-populated area (rural area)
31609;3;thinly-populated area (rural area)
31611;3;thinly-populated area (rural area)
31612;3;thinly-populated area (rural area)
31613;3;thinly-populated area (rural area)
31614;3;thinly-populated area (rural area)
31615;3;thinly-populated area (rural area)
31616;3;thinly-populated area (rural area)
31617;3;thinly-populated area (rural area)
31620;3;thinly-populated area (rural area)
31621;3;thinly-populated area (rural area)
31622;3;thinly-populated area (rural area)
31627;3;thinly-populated area (rural area)
31628;3;thinly-populated area (rural area)
31629;3;thinly-populated area (rural area)
31630;3;thinly-populated area (rural area)
31633;2;intermediate density area (towns, suburbs)
31634;3;thinly-populated area (rural area)
31636;3;thinly-populated area (rural area)
31642;2;intermediate density area (towns, suburbs)
31644;3;thinly-populated area (rural area)
31645;3;thinly-populated area (rural area)
31646;3;thinly-populated area (rural area)
31649;3;thinly-populated area (rural area)
31650;3;thinly-populated area (rural area)
31651;3;thinly-populated area (rural area)
31652;3;thinly-populated area (rural area)
31653;3;thinly-populated area (rural area)
31654;3;thinly-populated area (rural area)
31655;2;intermediate density area (towns, suburbs)
31658;3;thinly-populated area (rural area)
31701;3;thinly-populated area (rural area)
31702;2;intermediate density area (towns, suburbs)
31703;2;intermediate density area (towns, suburbs)
31704;2;intermediate density area (towns, suburbs)
31706;3;thinly-populated area (rural area)
31707;2;intermediate density area (towns, suburbs)
31709;2;intermediate density area (towns, suburbs)
31710;2;intermediate density area (towns, suburbs)
31711;2;intermediate density area (towns, suburbs)
31712;2;intermediate density area (towns, suburbs)
31713;3;thinly-populated area (rural area)
31714;3;thinly-populated area (rural area)
31715;2;intermediate density area (towns, suburbs)
31716;2;intermediate density area (towns, suburbs)
31717;2;intermediate density area (towns, suburbs)
31718;3;thinly-populated area (rural area)
31719;2;intermediate density area (towns, suburbs)
31723;2;intermediate density area (towns, suburbs)
31725;2;intermediate density area (towns, suburbs)
31726;3;thinly-populated area (rural area)
31801;3;thinly-populated area (rural area)
31802;3;thinly-populated area (rural area)
31803;3;thinly-populated area (rural area)
31804;2;intermediate density area (towns, suburbs)
31805;3;thinly-populated area (rural area)
31806;3;thinly-populated area (rural area)
31807;3;thinly-populated area (rural area)
31808;2;intermediate density area (towns, suburbs)
31809;3;thinly-populated area (rural area)
31810;2;intermediate density area (towns, suburbs)
31811;2;intermediate density area (towns, suburbs)
31812;3;thinly-populated area (rural area)
31813;3;thinly-populated area (rural area)
31814;3;thinly-populated area (rural area)
31815;3;thinly-populated area (rural area)
31817;2;intermediate density area (towns, suburbs)
31818;2;intermediate density area (towns, suburbs)
31820;3;thinly-populated area (rural area)
31821;3;thinly-populated area (rural area)
31823;3;thinly-populated area (rural area)
31825;3;thinly-populated area (rural area)
31826;3;thinly-populated area (rural area)
31827;3;thinly-populated area (rural area)
31829;3;thinly-populated area (rural area)
31830;3;thinly-populated area (rural area)
31831;3;thinly-populated area (rural area)
31832;3;thinly-populated area (rural area)
31833;3;thinly-populated area (rural area)
31834;3;thinly-populated area (rural area)
31835;3;thinly-populated area (rural area)
31836;3;thinly-populated area (rural area)
31837;3;thinly-populated area (rural area)
31838;3;thinly-populated area (rural area)
31839;2;intermediate density area (towns, suburbs)
31840;3;thinly-populated area (rural area)
31841;3;thinly-populated area (rural area)
31842;3;thinly-populated area (rural area)
31843;3;thinly-populated area (rural area)
31844;3;thinly-populated area (rural area)
31845;3;thinly-populated area (rural area)
31846;2;intermediate density area (towns, suburbs)
31847;3;thinly-populated area (rural area)
31848;3;thinly-populated area (rural area)
31849;3;thinly-populated area (rural area)
31901;3;thinly-populated area (rural area)
31902;3;thinly-populated area (rural area)
31903;3;thinly-populated area (rural area)
31904;3;thinly-populated area (rural area)
31905;3;thinly-populated area (rural area)
31906;3;thinly-populated area (rural area)
31907;3;thinly-populated area (rural area)
31909;3;thinly-populated area (rural area)
31910;3;thinly-populated area (rural area)
31911;3;thinly-populated area (rural area)
31912;2;intermediate density area (towns, suburbs)
31913;3;thinly-populated area (rural area)
31915;3;thinly-populated area (rural area)
31916;3;thinly-populated area (rural area)
31917;3;thinly-populated area (rural area)
31918;3;thinly-populated area (rural area)
31919;3;thinly-populated area (rural area)
31920;3;thinly-populated area (rural area)
31921;2;intermediate density area (towns, suburbs)
31922;3;thinly-populated area (rural area)
31923;3;thinly-populated area (rural area)
31925;3;thinly-populated area (rural area)
31926;2;intermediate density area (towns, suburbs)
31927;3;thinly-populated area (rural area)
31928;3;thinly-populated area (rural area)
31929;3;thinly-populated area (rural area)
31930;3;thinly-populated area (rural area)
31932;3;thinly-populated area (rural area)
31934;3;thinly-populated area (rural area)
31935;3;thinly-populated area (rural area)
31938;3;thinly-populated area (rural area)
31939;3;thinly-populated area (rural area)
31940;3;thinly-populated area (rural area)
31941;3;thinly-populated area (rural area)
31943;2;intermediate density area (towns, suburbs)
31945;3;thinly-populated area (rural area)
31946;3;thinly-populated area (rural area)
31947;2;intermediate density area (towns, suburbs)
31948;3;thinly-populated area (rural area)
32001;3;thinly-populated area (rural area)
32002;3;thinly-populated area (rural area)
32003;3;thinly-populated area (rural area)
32004;3;thinly-populated area (rural area)
32005;3;thinly-populated area (rural area)
32006;3;thinly-populated area (rural area)
32007;3;thinly-populated area (rural area)
32008;3;thinly-populated area (rural area)
32009;3;thinly-populated area (rural area)
32010;3;thinly-populated area (rural area)
32011;3;thinly-populated area (rural area)
32012;3;thinly-populated area (rural area)
32013;3;thinly-populated area (rural area)
32014;3;thinly-populated area (rural area)
32015;3;thinly-populated area (rural area)
32016;2;intermediate density area (towns, suburbs)
32017;3;thinly-populated area (rural area)
32018;3;thinly-populated area (rural area)
32101;3;thinly-populated area (rural area)
32104;3;thinly-populated area (rural area)
32106;3;thinly-populated area (rural area)
32107;3;thinly-populated area (rural area)
32109;3;thinly-populated area (rural area)
32110;3;thinly-populated area (rural area)
32112;3;thinly-populated area (rural area)
32114;3;thinly-populated area (rural area)
32115;3;thinly-populated area (rural area)
32116;3;thinly-populated area (rural area)
32119;3;thinly-populated area (rural area)
32120;3;thinly-populated area (rural area)
32131;3;thinly-populated area (rural area)
32132;3;thinly-populated area (rural area)
32134;3;thinly-populated area (rural area)
32135;2;intermediate density area (towns, suburbs)
32139;3;thinly-populated area (rural area)
32140;2;intermediate density area (towns, suburbs)
32141;3;thinly-populated area (rural area)
32142;2;intermediate density area (towns, suburbs)
32143;2;intermediate density area (towns, suburbs)
32202;3;thinly-populated area (rural area)
32203;3;thinly-populated area (rural area)
32206;3;thinly-populated area (rural area)
32207;3;thinly-populated area (rural area)
32209;3;thinly-populated area (rural area)
32210;3;thinly-populated area (rural area)
32212;3;thinly-populated area (rural area)
32214;3;thinly-populated area (rural area)
32216;3;thinly-populated area (rural area)
32217;3;thinly-populated area (rural area)
32219;3;thinly-populated area (rural area)
32220;3;thinly-populated area (rural area)
32221;3;thinly-populated area (rural area)
32222;3;thinly-populated area (rural area)
32223;3;thinly-populated area (rural area)
32301;3;thinly-populated area (rural area)
32302;3;thinly-populated area (rural area)
32304;2;intermediate density area (towns, suburbs)
32305;2;intermediate density area (towns, suburbs)
32306;2;intermediate density area (towns, suburbs)
32307;2;intermediate density area (towns, suburbs)
32308;3;thinly-populated area (rural area)
32309;3;thinly-populated area (rural area)
32310;3;thinly-populated area (rural area)
32311;3;thinly-populated area (rural area)
32312;3;thinly-populated area (rural area)
32313;2;intermediate density area (towns, suburbs)
32314;3;thinly-populated area (rural area)
32315;3;thinly-populated area (rural area)
32316;2;intermediate density area (towns, suburbs)
32317;3;thinly-populated area (rural area)
32318;2;intermediate density area (towns, suburbs)
32319;3;thinly-populated area (rural area)
32320;2;intermediate density area (towns, suburbs)
32321;3;thinly-populated area (rural area)
32322;3;thinly-populated area (rural area)
32323;3;thinly-populated area (rural area)
32324;3;thinly-populated area (rural area)
32325;3;thinly-populated area (rural area)
32326;3;thinly-populated area (rural area)
32327;2;intermediate density area (towns, suburbs)
32330;2;intermediate density area (towns, suburbs)
32331;3;thinly-populated area (rural area)
32332;3;thinly-populated area (rural area)
32333;3;thinly-populated area (rural area)
32334;3;thinly-populated area (rural area)
32335;3;thinly-populated area (rural area)
32336;3;thinly-populated area (rural area)
32337;2;intermediate density area (towns, suburbs)
32338;3;thinly-populated area (rural area)
30729;3;thinly-populated area (rural area)
30730;3;thinly-populated area (rural area)
31949;2;intermediate density area (towns, suburbs)
31235;3;thinly-populated area (rural area)
30731;3;thinly-populated area (rural area)
30732;2;intermediate density area (towns, suburbs)
30733;2;intermediate density area (towns, suburbs)
32144;2;intermediate density area (towns, suburbs)
30734;2;intermediate density area (towns, suburbs)
30735;2;intermediate density area (towns, suburbs)
30736;2;intermediate density area (towns, suburbs)
31950;2;intermediate density area (towns, suburbs)
30737;3;thinly-populated area (rural area)
31951;2;intermediate density area (towns, suburbs)
31952;2;intermediate density area (towns, suburbs)
30738;3;thinly-populated area (rural area)
30739;2;intermediate density area (towns, suburbs)
30740;2;intermediate density area (towns, suburbs)
31953;3;thinly-populated area (rural area)
31954;3;thinly-populated area (rural area)
30741;2;intermediate density area (towns, suburbs)
32501;3;thinly-populated area (rural area)
32502;3;thinly-populated area (rural area)
32503;3;thinly-populated area (rural area)
32504;3;thinly-populated area (rural area)
32505;3;thinly-populated area (rural area)
32506;3;thinly-populated area (rural area)
32508;3;thinly-populated area (rural area)
32509;3;thinly-populated area (rural area)
32511;3;thinly-populated area (rural area)
32514;3;thinly-populated area (rural area)
32515;3;thinly-populated area (rural area)
32516;3;thinly-populated area (rural area)
32517;3;thinly-populated area (rural area)
32518;3;thinly-populated area (rural area)
32519;3;thinly-populated area (rural area)
32520;3;thinly-populated area (rural area)
32521;3;thinly-populated area (rural area)
32522;3;thinly-populated area (rural area)
32523;3;thinly-populated area (rural area)
32524;3;thinly-populated area (rural area)
32525;3;thinly-populated area (rural area)
32528;3;thinly-populated area (rural area)
32529;3;thinly-populated area (rural area)
32530;3;thinly-populated area (rural area)
40101;1;densely populated area (cities/urban centres/urban areas)
40201;2;intermediate density area (towns, suburbs)
40301;2;intermediate density area (towns, suburbs)
40401;3;thinly-populated area (rural area)
40402;3;thinly-populated area (rural area)
40403;3;thinly-populated area (rural area)
40404;2;intermediate density area (towns, suburbs)
40405;3;thinly-populated area (rural area)
40406;3;thinly-populated area (rural area)
40407;3;thinly-populated area (rural area)
40408;3;thinly-populated area (rural area)
40409;3;thinly-populated area (rural area)
40410;3;thinly-populated area (rural area)
40411;3;thinly-populated area (rural area)
40412;3;thinly-populated area (rural area)
40413;3;thinly-populated area (rural area)
40414;3;thinly-populated area (rural area)
40415;3;thinly-populated area (rural area)
40416;3;thinly-populated area (rural area)
40417;3;thinly-populated area (rural area)
40418;3;thinly-populated area (rural area)
40419;3;thinly-populated area (rural area)
40420;3;thinly-populated area (rural area)
40421;2;intermediate density area (towns, suburbs)
40422;3;thinly-populated area (rural area)
40423;3;thinly-populated area (rural area)
40424;3;thinly-populated area (rural area)
40425;3;thinly-populated area (rural area)
40426;2;intermediate density area (towns, suburbs)
40427;3;thinly-populated area (rural area)
40428;3;thinly-populated area (rural area)
40429;3;thinly-populated area (rural area)
40430;3;thinly-populated area (rural area)
40431;2;intermediate density area (towns, suburbs)
40432;3;thinly-populated area (rural area)
40433;3;thinly-populated area (rural area)
40434;3;thinly-populated area (rural area)
40435;3;thinly-populated area (rural area)
40436;3;thinly-populated area (rural area)
40437;3;thinly-populated area (rural area)
40438;3;thinly-populated area (rural area)
40439;3;thinly-populated area (rural area)
40440;3;thinly-populated area (rural area)
40441;2;intermediate density area (towns, suburbs)
40442;3;thinly-populated area (rural area)
40443;3;thinly-populated area (rural area)
40444;3;thinly-populated area (rural area)
40445;3;thinly-populated area (rural area)
40446;3;thinly-populated area (rural area)
40501;3;thinly-populated area (rural area)
40502;3;thinly-populated area (rural area)
40503;2;intermediate density area (towns, suburbs)
40504;2;intermediate density area (towns, suburbs)
40505;3;thinly-populated area (rural area)
40506;3;thinly-populated area (rural area)
40507;3;thinly-populated area (rural area)
40508;3;thinly-populated area (rural area)
40509;2;intermediate density area (towns, suburbs)
40510;3;thinly-populated area (rural area)
40511;3;thinly-populated area (rural area)
40512;3;thinly-populated area (rural area)
40601;2;intermediate density area (towns, suburbs)
40602;3;thinly-populated area (rural area)
40603;3;thinly-populated area (rural area)
40604;2;intermediate density area (towns, suburbs)
40605;3;thinly-populated area (rural area)
40606;3;thinly-populated area (rural area)
40607;3;thinly-populated area (rural area)
40608;3;thinly-populated area (rural area)
40609;3;thinly-populated area (rural area)
40610;3;thinly-populated area (rural area)
40611;3;thinly-populated area (rural area)
40612;3;thinly-populated area (rural area)
40613;3;thinly-populated area (rural area)
40614;2;intermediate density area (towns, suburbs)
40615;3;thinly-populated area (rural area)
40616;3;thinly-populated area (rural area)
40617;3;thinly-populated area (rural area)
40618;3;thinly-populated area (rural area)
40619;3;thinly-populated area (rural area)
40620;3;thinly-populated area (rural area)
40621;3;thinly-populated area (rural area)
40622;3;thinly-populated area (rural area)
40623;3;thinly-populated area (rural area)
40624;2;intermediate density area (towns, suburbs)
40625;3;thinly-populated area (rural area)
40626;3;thinly-populated area (rural area)
40627;3;thinly-populated area (rural area)
40701;2;intermediate density area (towns, suburbs)
40702;2;intermediate density area (towns, suburbs)
40703;2;intermediate density area (towns, suburbs)
40704;2;intermediate density area (towns, suburbs)
40705;2;intermediate density area (towns, suburbs)
40706;3;thinly-populated area (rural area)
40707;3;thinly-populated area (rural area)
40708;2;intermediate density area (towns, suburbs)
40709;3;thinly-populated area (rural area)
40710;3;thinly-populated area (rural area)
40711;2;intermediate density area (towns, suburbs)
40712;3;thinly-populated area (rural area)
40713;2;intermediate density area (towns, suburbs)
40714;2;intermediate density area (towns, suburbs)
40715;3;thinly-populated area (rural area)
40716;3;thinly-populated area (rural area)
40717;3;thinly-populated area (rural area)
40718;2;intermediate density area (towns, suburbs)
40719;3;thinly-populated area (rural area)
40720;3;thinly-populated area (rural area)
40801;3;thinly-populated area (rural area)
40802;3;thinly-populated area (rural area)
40804;3;thinly-populated area (rural area)
40805;3;thinly-populated area (rural area)
40806;3;thinly-populated area (rural area)
40807;3;thinly-populated area (rural area)
40808;2;intermediate density area (towns, suburbs)
40809;3;thinly-populated area (rural area)
40810;3;thinly-populated area (rural area)
40811;3;thinly-populated area (rural area)
40812;3;thinly-populated area (rural area)
40813;3;thinly-populated area (rural area)
40814;3;thinly-populated area (rural area)
40815;3;thinly-populated area (rural area)
40816;3;thinly-populated area (rural area)
40817;3;thinly-populated area (rural area)
40818;3;thinly-populated area (rural area)
40820;3;thinly-populated area (rural area)
40821;3;thinly-populated area (rural area)
40822;3;thinly-populated area (rural area)
40823;3;thinly-populated area (rural area)
40824;3;thinly-populated area (rural area)
40825;3;thinly-populated area (rural area)
40826;3;thinly-populated area (rural area)
40827;2;intermediate density area (towns, suburbs)
40828;3;thinly-populated area (rural area)
40829;3;thinly-populated area (rural area)
40830;2;intermediate density area (towns, suburbs)
40831;3;thinly-populated area (rural area)
40832;3;thinly-populated area (rural area)
40833;3;thinly-populated area (rural area)
40834;3;thinly-populated area (rural area)
40835;3;thinly-populated area (rural area)
40901;3;thinly-populated area (rural area)
40902;3;thinly-populated area (rural area)
40903;3;thinly-populated area (rural area)
40904;3;thinly-populated area (rural area)
40905;2;intermediate density area (towns, suburbs)
40906;3;thinly-populated area (rural area)
40907;3;thinly-populated area (rural area)
40908;2;intermediate density area (towns, suburbs)
40909;3;thinly-populated area (rural area)
40910;3;thinly-populated area (rural area)
40911;3;thinly-populated area (rural area)
40912;3;thinly-populated area (rural area)
40913;3;thinly-populated area (rural area)
40914;3;thinly-populated area (rural area)
40915;3;thinly-populated area (rural area)
40916;3;thinly-populated area (rural area)
40917;3;thinly-populated area (rural area)
40918;3;thinly-populated area (rural area)
40919;3;thinly-populated area (rural area)
40920;3;thinly-populated area (rural area)
40921;3;thinly-populated area (rural area)
40922;3;thinly-populated area (rural area)
40923;3;thinly-populated area (rural area)
41001;3;thinly-populated area (rural area)
41002;2;intermediate density area (towns, suburbs)
41003;2;intermediate density area (towns, suburbs)
41004;3;thinly-populated area (rural area)
41005;2;intermediate density area (towns, suburbs)
41006;3;thinly-populated area (rural area)
41007;2;intermediate density area (towns, suburbs)
41008;3;thinly-populated area (rural area)
41009;3;thinly-populated area (rural area)
41010;3;thinly-populated area (rural area)
41011;3;thinly-populated area (rural area)
41012;2;intermediate density area (towns, suburbs)
41013;3;thinly-populated area (rural area)
41014;3;thinly-populated area (rural area)
41015;3;thinly-populated area (rural area)
41016;3;thinly-populated area (rural area)
41017;2;intermediate density area (towns, suburbs)
41018;3;thinly-populated area (rural area)
41019;2;intermediate density area (towns, suburbs)
41020;3;thinly-populated area (rural area)
41021;2;intermediate density area (towns, suburbs)
41022;3;thinly-populated area (rural area)
41101;3;thinly-populated area (rural area)
41102;3;thinly-populated area (rural area)
41103;3;thinly-populated area (rural area)
41104;3;thinly-populated area (rural area)
41105;3;thinly-populated area (rural area)
41106;3;thinly-populated area (rural area)
41107;3;thinly-populated area (rural area)
41108;3;thinly-populated area (rural area)
41109;2;intermediate density area (towns, suburbs)
41110;2;intermediate density area (towns, suburbs)
41111;2;intermediate density area (towns, suburbs)
41112;3;thinly-populated area (rural area)
41113;3;thinly-populated area (rural area)
41114;3;thinly-populated area (rural area)
41115;3;thinly-populated area (rural area)
41116;2;intermediate density area (towns, suburbs)
41117;3;thinly-populated area (rural area)
41118;3;thinly-populated area (rural area)
41119;3;thinly-populated area (rural area)
41120;2;intermediate density area (towns, suburbs)
41121;3;thinly-populated area (rural area)
41122;3;thinly-populated area (rural area)
41123;3;thinly-populated area (rural area)
41124;3;thinly-populated area (rural area)
41125;3;thinly-populated area (rural area)
41126;3;thinly-populated area (rural area)
41201;3;thinly-populated area (rural area)
41202;3;thinly-populated area (rural area)
41203;3;thinly-populated area (rural area)
41204;3;thinly-populated area (rural area)
41205;3;thinly-populated area (rural area)
41206;3;thinly-populated area (rural area)
41207;3;thinly-populated area (rural area)
41208;3;thinly-populated area (rural area)
41209;3;thinly-populated area (rural area)
41210;3;thinly-populated area (rural area)
41211;3;thinly-populated area (rural area)
41212;3;thinly-populated area (rural area)
41213;3;thinly-populated area (rural area)
41214;3;thinly-populated area (rural area)
41215;3;thinly-populated area (rural area)
41216;3;thinly-populated area (rural area)
41217;3;thinly-populated area (rural area)
41218;3;thinly-populated area (rural area)
41219;3;thinly-populated area (rural area)
41220;3;thinly-populated area (rural area)
41221;3;thinly-populated area (rural area)
41222;3;thinly-populated area (rural area)
41223;3;thinly-populated area (rural area)
41224;3;thinly-populated area (rural area)
41225;2;intermediate density area (towns, suburbs)
41226;3;thinly-populated area (rural area)
41227;3;thinly-populated area (rural area)
41228;3;thinly-populated area (rural area)
41229;3;thinly-populated area (rural area)
41230;3;thinly-populated area (rural area)
41231;3;thinly-populated area (rural area)
41232;3;thinly-populated area (rural area)
41233;3;thinly-populated area (rural area)
41234;3;thinly-populated area (rural area)
41235;3;thinly-populated area (rural area)
41236;3;thinly-populated area (rural area)
41304;3;thinly-populated area (rural area)
41305;3;thinly-populated area (rural area)
41306;3;thinly-populated area (rural area)
41307;3;thinly-populated area (rural area)
41309;3;thinly-populated area (rural area)
41311;3;thinly-populated area (rural area)
41312;3;thinly-populated area (rural area)
41313;3;thinly-populated area (rural area)
41314;3;thinly-populated area (rural area)
41315;3;thinly-populated area (rural area)
41316;3;thinly-populated area (rural area)
41317;3;thinly-populated area (rural area)
41318;3;thinly-populated area (rural area)
41319;3;thinly-populated area (rural area)
41320;3;thinly-populated area (rural area)
41321;3;thinly-populated area (rural area)
41322;3;thinly-populated area (rural area)
41323;3;thinly-populated area (rural area)
41324;3;thinly-populated area (rural area)
41325;3;thinly-populated area (rural area)
41326;3;thinly-populated area (rural area)
41327;3;thinly-populated area (rural area)
41328;3;thinly-populated area (rural area)
41329;3;thinly-populated area (rural area)
41331;3;thinly-populated area (rural area)
41332;3;thinly-populated area (rural area)
41333;3;thinly-populated area (rural area)
41334;3;thinly-populated area (rural area)
41336;3;thinly-populated area (rural area)
41337;3;thinly-populated area (rural area)
41338;3;thinly-populated area (rural area)
41341;3;thinly-populated area (rural area)
41342;3;thinly-populated area (rural area)
41343;3;thinly-populated area (rural area)
41344;3;thinly-populated area (rural area)
41345;3;thinly-populated area (rural area)
41346;3;thinly-populated area (rural area)
41401;3;thinly-populated area (rural area)
41402;3;thinly-populated area (rural area)
41403;2;intermediate density area (towns, suburbs)
41404;3;thinly-populated area (rural area)
41405;3;thinly-populated area (rural area)
41406;3;thinly-populated area (rural area)
41407;3;thinly-populated area (rural area)
41408;3;thinly-populated area (rural area)
41409;3;thinly-populated area (rural area)
41410;3;thinly-populated area (rural area)
41411;3;thinly-populated area (rural area)
41412;3;thinly-populated area (rural area)
41413;3;thinly-populated area (rural area)
41414;3;thinly-populated area (rural area)
41415;3;thinly-populated area (rural area)
41416;3;thinly-populated area (rural area)
41417;3;thinly-populated area (rural area)
41418;3;thinly-populated area (rural area)
41419;3;thinly-populated area (rural area)
41420;3;thinly-populated area (rural area)
41421;3;thinly-populated area (rural area)
41422;2;intermediate density area (towns, suburbs)
41423;3;thinly-populated area (rural area)
41424;3;thinly-populated area (rural area)
41425;3;thinly-populated area (rural area)
41426;3;thinly-populated area (rural area)
41427;3;thinly-populated area (rural area)
41428;3;thinly-populated area (rural area)
41429;3;thinly-populated area (rural area)
41430;3;thinly-populated area (rural area)
41501;3;thinly-populated area (rural area)
41502;3;thinly-populated area (rural area)
41503;2;intermediate density area (towns, suburbs)
41504;2;intermediate density area (towns, suburbs)
41505;3;thinly-populated area (rural area)
41506;2;intermediate density area (towns, suburbs)
41507;3;thinly-populated area (rural area)
41508;3;thinly-populated area (rural area)
41509;3;thinly-populated area (rural area)
41510;3;thinly-populated area (rural area)
41511;2;intermediate density area (towns, suburbs)
41512;3;thinly-populated area (rural area)
41513;3;thinly-populated area (rural area)
41514;2;intermediate density area (towns, suburbs)
41515;3;thinly-populated area (rural area)
41516;2;intermediate density area (towns, suburbs)
41517;3;thinly-populated area (rural area)
41518;3;thinly-populated area (rural area)
41521;3;thinly-populated area (rural area)
41522;3;thinly-populated area (rural area)
41601;3;thinly-populated area (rural area)
41602;3;thinly-populated area (rural area)
41603;3;thinly-populated area (rural area)
41604;3;thinly-populated area (rural area)
41605;3;thinly-populated area (rural area)
41606;3;thinly-populated area (rural area)
41607;2;intermediate density area (towns, suburbs)
41608;3;thinly-populated area (rural area)
41609;3;thinly-populated area (rural area)
41610;3;thinly-populated area (rural area)
41611;3;thinly-populated area (rural area)
41612;3;thinly-populated area (rural area)
41613;3;thinly-populated area (rural area)
41614;3;thinly-populated area (rural area)
41615;3;thinly-populated area (rural area)
41616;3;thinly-populated area (rural area)
41617;2;intermediate density area (towns, suburbs)
41618;2;intermediate density area (towns, suburbs)
41619;3;thinly-populated area (rural area)
41620;3;thinly-populated area (rural area)
41621;3;thinly-populated area (rural area)
41622;3;thinly-populated area (rural area)
41623;3;thinly-populated area (rural area)
41624;3;thinly-populated area (rural area)
41626;2;intermediate density area (towns, suburbs)
41627;3;thinly-populated area (rural area)
41628;3;thinly-populated area (rural area)
41701;3;thinly-populated area (rural area)
41702;3;thinly-populated area (rural area)
41703;2;intermediate density area (towns, suburbs)
41704;3;thinly-populated area (rural area)
41705;3;thinly-populated area (rural area)
41706;3;thinly-populated area (rural area)
41707;3;thinly-populated area (rural area)
41708;3;thinly-populated area (rural area)
41709;3;thinly-populated area (rural area)
41710;3;thinly-populated area (rural area)
41711;3;thinly-populated area (rural area)
41712;3;thinly-populated area (rural area)
41713;2;intermediate density area (towns, suburbs)
41714;3;thinly-populated area (rural area)
41715;2;intermediate density area (towns, suburbs)
41716;3;thinly-populated area (rural area)
41717;3;thinly-populated area (rural area)
41718;3;thinly-populated area (rural area)
41719;3;thinly-populated area (rural area)
41720;2;intermediate density area (towns, suburbs)
41721;3;thinly-populated area (rural area)
41722;3;thinly-populated area (rural area)
41723;3;thinly-populated area (rural area)
41724;3;thinly-populated area (rural area)
41725;3;thinly-populated area (rural area)
41726;3;thinly-populated area (rural area)
41727;3;thinly-populated area (rural area)
41728;3;thinly-populated area (rural area)
41729;3;thinly-populated area (rural area)
41730;2;intermediate density area (towns, suburbs)
41731;2;intermediate density area (towns, suburbs)
41732;2;intermediate density area (towns, suburbs)
41733;3;thinly-populated area (rural area)
41734;3;thinly-populated area (rural area)
41735;3;thinly-populated area (rural area)
41736;3;thinly-populated area (rural area)
41737;2;intermediate density area (towns, suburbs)
41738;2;intermediate density area (towns, suburbs)
41739;2;intermediate density area (towns, suburbs)
41740;3;thinly-populated area (rural area)
41741;3;thinly-populated area (rural area)
41742;3;thinly-populated area (rural area)
41743;2;intermediate density area (towns, suburbs)
41744;3;thinly-populated area (rural area)
41745;3;thinly-populated area (rural area)
41746;2;intermediate density area (towns, suburbs)
41747;3;thinly-populated area (rural area)
41748;3;thinly-populated area (rural area)
41749;3;thinly-populated area (rural area)
41750;3;thinly-populated area (rural area)
41751;3;thinly-populated area (rural area)
41752;3;thinly-populated area (rural area)
41801;3;thinly-populated area (rural area)
41802;3;thinly-populated area (rural area)
41803;3;thinly-populated area (rural area)
41804;3;thinly-populated area (rural area)
41805;3;thinly-populated area (rural area)
41806;2;intermediate density area (towns, suburbs)
41807;3;thinly-populated area (rural area)
41808;2;intermediate density area (towns, suburbs)
41809;3;thinly-populated area (rural area)
41810;3;thinly-populated area (rural area)
41811;2;intermediate density area (towns, suburbs)
41812;2;intermediate density area (towns, suburbs)
41813;3;thinly-populated area (rural area)
41814;3;thinly-populated area (rural area)
41815;3;thinly-populated area (rural area)
41816;3;thinly-populated area (rural area)
41817;3;thinly-populated area (rural area)
41818;3;thinly-populated area (rural area)
41819;3;thinly-populated area (rural area)
41820;2;intermediate density area (towns, suburbs)
41821;3;thinly-populated area (rural area)
41822;3;thinly-populated area (rural area)
41823;2;intermediate density area (towns, suburbs)
41824;2;intermediate density area (towns, suburbs)
50101;1;densely populated area (cities/urban centres/urban areas)
50201;3;thinly-populated area (rural area)
50202;2;intermediate density area (towns, suburbs)
50203;3;thinly-populated area (rural area)
50204;3;thinly-populated area (rural area)
50205;2;intermediate density area (towns, suburbs)
50206;3;thinly-populated area (rural area)
50207;2;intermediate density area (towns, suburbs)
50208;2;intermediate density area (towns, suburbs)
50209;2;intermediate density area (towns, suburbs)
50210;3;thinly-populated area (rural area)
50211;3;thinly-populated area (rural area)
50212;3;thinly-populated area (rural area)
50213;2;intermediate density area (towns, suburbs)
50301;2;intermediate density area (towns, suburbs)
50302;3;thinly-populated area (rural area)
50303;3;thinly-populated area (rural area)
50304;3;thinly-populated area (rural area)
50305;2;intermediate density area (towns, suburbs)
50306;3;thinly-populated area (rural area)
50307;3;thinly-populated area (rural area)
50308;2;intermediate density area (towns, suburbs)
50309;3;thinly-populated area (rural area)
50310;2;intermediate density area (towns, suburbs)
50311;3;thinly-populated area (rural area)
50312;3;thinly-populated area (rural area)
50313;3;thinly-populated area (rural area)
50314;2;intermediate density area (towns, suburbs)
50315;3;thinly-populated area (rural area)
50316;3;thinly-populated area (rural area)
50317;3;thinly-populated area (rural area)
50318;3;thinly-populated area (rural area)
50319;3;thinly-populated area (rural area)
50320;3;thinly-populated area (rural area)
50321;3;thinly-populated area (rural area)
50322;3;thinly-populated area (rural area)
50323;3;thinly-populated area (rural area)
50324;2;intermediate density area (towns, suburbs)
50325;3;thinly-populated area (rural area)
50326;2;intermediate density area (towns, suburbs)
50327;3;thinly-populated area (rural area)
50328;3;thinly-populated area (rural area)
50329;3;thinly-populated area (rural area)
50330;3;thinly-populated area (rural area)
50331;3;thinly-populated area (rural area)
50332;3;thinly-populated area (rural area)
50335;3;thinly-populated area (rural area)
50336;3;thinly-populated area (rural area)
50337;3;thinly-populated area (rural area)
50338;2;intermediate density area (towns, suburbs)
50339;2;intermediate density area (towns, suburbs)
50401;3;thinly-populated area (rural area)
50402;3;thinly-populated area (rural area)
50403;3;thinly-populated area (rural area)
50404;2;intermediate density area (towns, suburbs)
50405;3;thinly-populated area (rural area)
50406;3;thinly-populated area (rural area)
50407;3;thinly-populated area (rural area)
50408;3;thinly-populated area (rural area)
50409;3;thinly-populated area (rural area)
50410;3;thinly-populated area (rural area)
50411;3;thinly-populated area (rural area)
50412;3;thinly-populated area (rural area)
50413;3;thinly-populated area (rural area)
50414;3;thinly-populated area (rural area)
50415;3;thinly-populated area (rural area)
50416;3;thinly-populated area (rural area)
50417;3;thinly-populated area (rural area)
50418;2;intermediate density area (towns, suburbs)
50419;3;thinly-populated area (rural area)
50420;3;thinly-populated area (rural area)
50421;2;intermediate density area (towns, suburbs)
50422;3;thinly-populated area (rural area)
50423;3;thinly-populated area (rural area)
50424;3;thinly-populated area (rural area)
50425;3;thinly-populated area (rural area)
50501;3;thinly-populated area (rural area)
50502;3;thinly-populated area (rural area)
50503;3;thinly-populated area (rural area)
50504;3;thinly-populated area (rural area)
50505;3;thinly-populated area (rural area)
50506;3;thinly-populated area (rural area)
50507;3;thinly-populated area (rural area)
50508;3;thinly-populated area (rural area)
50509;3;thinly-populated area (rural area)
50510;3;thinly-populated area (rural area)
50511;3;thinly-populated area (rural area)
50512;3;thinly-populated area (rural area)
50513;3;thinly-populated area (rural area)
50514;3;thinly-populated area (rural area)
50515;3;thinly-populated area (rural area)
50601;3;thinly-populated area (rural area)
50602;3;thinly-populated area (rural area)
50603;3;thinly-populated area (rural area)
50604;3;thinly-populated area (rural area)
50605;3;thinly-populated area (rural area)
50606;3;thinly-populated area (rural area)
50607;3;thinly-populated area (rural area)
50608;3;thinly-populated area (rural area)
50609;3;thinly-populated area (rural area)
50610;3;thinly-populated area (rural area)
50611;3;thinly-populated area (rural area)
50612;3;thinly-populated area (rural area)
50613;3;thinly-populated area (rural area)
50614;3;thinly-populated area (rural area)
50615;3;thinly-populated area (rural area)
50616;3;thinly-populated area (rural area)
50617;3;thinly-populated area (rural area)
50618;3;thinly-populated area (rural area)
50619;2;intermediate density area (towns, suburbs)
50620;3;thinly-populated area (rural area)
50621;3;thinly-populated area (rural area)
50622;3;thinly-populated area (rural area)
50623;3;thinly-populated area (rural area)
50624;3;thinly-populated area (rural area)
50625;3;thinly-populated area (rural area)
50626;3;thinly-populated area (rural area)
50627;3;thinly-populated area (rural area)
50628;2;intermediate density area (towns, suburbs)
60101;1;densely populated area (cities/urban centres/urban areas)
60305;2;intermediate density area (towns, suburbs)
60318;3;thinly-populated area (rural area)
60323;3;thinly-populated area (rural area)
60324;3;thinly-populated area (rural area)
60326;3;thinly-populated area (rural area)
60329;3;thinly-populated area (rural area)
60341;3;thinly-populated area (rural area)
60344;2;intermediate density area (towns, suburbs)
60345;3;thinly-populated area (rural area)
60346;3;thinly-populated area (rural area)
60347;3;thinly-populated area (rural area)
60348;3;thinly-populated area (rural area)
60349;3;thinly-populated area (rural area)
60350;3;thinly-populated area (rural area)
60351;3;thinly-populated area (rural area)
60608;2;intermediate density area (towns, suburbs)
60611;2;intermediate density area (towns, suburbs)
60613;2;intermediate density area (towns, suburbs)
60617;2;intermediate density area (towns, suburbs)
60618;3;thinly-populated area (rural area)
60619;2;intermediate density area (towns, suburbs)
60623;3;thinly-populated area (rural area)
60624;2;intermediate density area (towns, suburbs)
60626;3;thinly-populated area (rural area)
60628;3;thinly-populated area (rural area)
60629;3;thinly-populated area (rural area)
60632;3;thinly-populated area (rural area)
60639;3;thinly-populated area (rural area)
60641;3;thinly-populated area (rural area)
60642;3;thinly-populated area (rural area)
60645;3;thinly-populated area (rural area)
60646;2;intermediate density area (towns, suburbs)
60647;3;thinly-populated area (rural area)
60648;3;thinly-populated area (rural area)
60651;3;thinly-populated area (rural area)
60653;3;thinly-populated area (rural area)
60654;3;thinly-populated area (rural area)
60655;2;intermediate density area (towns, suburbs)
60656;3;thinly-populated area (rural area)
60659;3;thinly-populated area (rural area)
60660;3;thinly-populated area (rural area)
60661;3;thinly-populated area (rural area)
60662;2;intermediate density area (towns, suburbs)
60663;3;thinly-populated area (rural area)
60664;2;intermediate density area (towns, suburbs)
60665;3;thinly-populated area (rural area)
60666;3;thinly-populated area (rural area)
60667;2;intermediate density area (towns, suburbs)
60668;3;thinly-populated area (rural area)
60669;2;intermediate density area (towns, suburbs)
60670;2;intermediate density area (towns, suburbs)
61001;3;thinly-populated area (rural area)
61002;3;thinly-populated area (rural area)
61007;3;thinly-populated area (rural area)
61008;3;thinly-populated area (rural area)
61012;2;intermediate density area (towns, suburbs)
61013;3;thinly-populated area (rural area)
61016;3;thinly-populated area (rural area)
61017;3;thinly-populated area (rural area)
61019;3;thinly-populated area (rural area)
61020;3;thinly-populated area (rural area)
61021;3;thinly-populated area (rural area)
61024;3;thinly-populated area (rural area)
61027;3;thinly-populated area (rural area)
61030;3;thinly-populated area (rural area)
61032;3;thinly-populated area (rural area)
61033;3;thinly-populated area (rural area)
61043;3;thinly-populated area (rural area)
61045;2;intermediate density area (towns, suburbs)
61049;3;thinly-populated area (rural area)
61050;3;thinly-populated area (rural area)
61051;3;thinly-populated area (rural area)
61052;3;thinly-populated area (rural area)
61053;2;intermediate density area (towns, suburbs)
61054;3;thinly-populated area (rural area)
61055;3;thinly-populated area (rural area)
61057;3;thinly-populated area (rural area)
61059;3;thinly-populated area (rural area)
61060;3;thinly-populated area (rural area)
61061;3;thinly-populated area (rural area)
61101;3;thinly-populated area (rural area)
61105;3;thinly-populated area (rural area)
61106;3;thinly-populated area (rural area)
61107;3;thinly-populated area (rural area)
61108;2;intermediate density area (towns, suburbs)
61109;3;thinly-populated area (rural area)
61110;2;intermediate density area (towns, suburbs)
61111;3;thinly-populated area (rural area)
61112;3;thinly-populated area (rural area)
61113;3;thinly-populated area (rural area)
61114;2;intermediate density area (towns, suburbs)
61115;3;thinly-populated area (rural area)
61116;3;thinly-populated area (rural area)
61118;3;thinly-populated area (rural area)
61119;3;thinly-populated area (rural area)
61120;2;intermediate density area (towns, suburbs)
61203;3;thinly-populated area (rural area)
61204;3;thinly-populated area (rural area)
61205;3;thinly-populated area (rural area)
61206;3;thinly-populated area (rural area)
61207;3;thinly-populated area (rural area)
61213;3;thinly-populated area (rural area)
61215;3;thinly-populated area (rural area)
61217;3;thinly-populated area (rural area)
61222;3;thinly-populated area (rural area)
61236;3;thinly-populated area (rural area)
61243;3;thinly-populated area (rural area)
61247;3;thinly-populated area (rural area)
61251;3;thinly-populated area (rural area)
61252;3;thinly-populated area (rural area)
61253;3;thinly-populated area (rural area)
61254;3;thinly-populated area (rural area)
61255;3;thinly-populated area (rural area)
61256;3;thinly-populated area (rural area)
61257;3;thinly-populated area (rural area)
61258;3;thinly-populated area (rural area)
61259;2;intermediate density area (towns, suburbs)
61260;3;thinly-populated area (rural area)
61261;3;thinly-populated area (rural area)
61262;3;thinly-populated area (rural area)
61263;3;thinly-populated area (rural area)
61264;3;thinly-populated area (rural area)
61265;3;thinly-populated area (rural area)
61266;3;thinly-populated area (rural area)
61267;3;thinly-populated area (rural area)
61410;3;thinly-populated area (rural area)
61413;3;thinly-populated area (rural area)
61425;3;thinly-populated area (rural area)
61428;3;thinly-populated area (rural area)
61437;3;thinly-populated area (rural area)
61438;3;thinly-populated area (rural area)
61439;3;thinly-populated area (rural area)
61440;3;thinly-populated area (rural area)
61441;3;thinly-populated area (rural area)
61442;3;thinly-populated area (rural area)
61443;3;thinly-populated area (rural area)
61444;3;thinly-populated area (rural area)
61445;3;thinly-populated area (rural area)
61446;3;thinly-populated area (rural area)
61611;3;thinly-populated area (rural area)
61612;3;thinly-populated area (rural area)
61615;3;thinly-populated area (rural area)
61618;2;intermediate density area (towns, suburbs)
61621;3;thinly-populated area (rural area)
61624;3;thinly-populated area (rural area)
61625;2;intermediate density area (towns, suburbs)
61626;2;intermediate density area (towns, suburbs)
61627;3;thinly-populated area (rural area)
61628;3;thinly-populated area (rural area)
61629;3;thinly-populated area (rural area)
61630;3;thinly-populated area (rural area)
61631;2;intermediate density area (towns, suburbs)
61632;3;thinly-populated area (rural area)
61633;3;thinly-populated area (rural area)
61701;3;thinly-populated area (rural area)
61708;3;thinly-populated area (rural area)
61710;3;thinly-populated area (rural area)
61711;3;thinly-populated area (rural area)
61716;3;thinly-populated area (rural area)
61719;3;thinly-populated area (rural area)
61727;3;thinly-populated area (rural area)
61728;3;thinly-populated area (rural area)
61729;3;thinly-populated area (rural area)
61730;3;thinly-populated area (rural area)
61731;3;thinly-populated area (rural area)
61740;3;thinly-populated area (rural area)
61741;3;thinly-populated area (rural area)
61743;3;thinly-populated area (rural area)
61744;3;thinly-populated area (rural area)
61745;3;thinly-populated area (rural area)
61746;3;thinly-populated area (rural area)
61748;3;thinly-populated area (rural area)
61750;3;thinly-populated area (rural area)
61751;3;thinly-populated area (rural area)
61756;3;thinly-populated area (rural area)
61757;3;thinly-populated area (rural area)
61758;3;thinly-populated area (rural area)
61759;3;thinly-populated area (rural area)
61760;2;intermediate density area (towns, suburbs)
61761;3;thinly-populated area (rural area)
61762;3;thinly-populated area (rural area)
61763;3;thinly-populated area (rural area)
61764;3;thinly-populated area (rural area)
61765;3;thinly-populated area (rural area)
61766;2;intermediate density area (towns, suburbs)
62007;2;intermediate density area (towns, suburbs)
62008;3;thinly-populated area (rural area)
62010;3;thinly-populated area (rural area)
62014;3;thinly-populated area (rural area)
62021;3;thinly-populated area (rural area)
62026;3;thinly-populated area (rural area)
62032;3;thinly-populated area (rural area)
62034;3;thinly-populated area (rural area)
62036;3;thinly-populated area (rural area)
62038;2;intermediate density area (towns, suburbs)
62039;3;thinly-populated area (rural area)
62040;2;intermediate density area (towns, suburbs)
62041;2;intermediate density area (towns, suburbs)
62042;3;thinly-populated area (rural area)
62043;3;thinly-populated area (rural area)
62044;3;thinly-populated area (rural area)
62045;3;thinly-populated area (rural area)
62046;3;thinly-populated area (rural area)
62047;2;intermediate density area (towns, suburbs)
62048;3;thinly-populated area (rural area)
62105;3;thinly-populated area (rural area)
62115;3;thinly-populated area (rural area)
62116;3;thinly-populated area (rural area)
62125;3;thinly-populated area (rural area)
62128;2;intermediate density area (towns, suburbs)
62131;3;thinly-populated area (rural area)
62132;3;thinly-populated area (rural area)
62135;3;thinly-populated area (rural area)
62138;3;thinly-populated area (rural area)
62139;2;intermediate density area (towns, suburbs)
62140;2;intermediate density area (towns, suburbs)
62141;2;intermediate density area (towns, suburbs)
62142;3;thinly-populated area (rural area)
62143;2;intermediate density area (towns, suburbs)
62144;3;thinly-populated area (rural area)
62145;3;thinly-populated area (rural area)
62146;3;thinly-populated area (rural area)
62147;3;thinly-populated area (rural area)
62148;3;thinly-populated area (rural area)
62202;3;thinly-populated area (rural area)
62205;3;thinly-populated area (rural area)
62206;3;thinly-populated area (rural area)
62209;3;thinly-populated area (rural area)
62211;3;thinly-populated area (rural area)
62214;3;thinly-populated area (rural area)
62216;3;thinly-populated area (rural area)
62219;2;intermediate density area (towns, suburbs)
62220;3;thinly-populated area (rural area)
62226;3;thinly-populated area (rural area)
62232;3;thinly-populated area (rural area)
62233;3;thinly-populated area (rural area)
62235;3;thinly-populated area (rural area)
62242;3;thinly-populated area (rural area)
62244;3;thinly-populated area (rural area)
62245;3;thinly-populated area (rural area)
62247;3;thinly-populated area (rural area)
62252;3;thinly-populated area (rural area)
62256;3;thinly-populated area (rural area)
62262;3;thinly-populated area (rural area)
62264;3;thinly-populated area (rural area)
62265;3;thinly-populated area (rural area)
62266;3;thinly-populated area (rural area)
62267;2;intermediate density area (towns, suburbs)
62268;3;thinly-populated area (rural area)
62269;3;thinly-populated area (rural area)
62270;3;thinly-populated area (rural area)
62271;3;thinly-populated area (rural area)
62272;3;thinly-populated area (rural area)
62273;3;thinly-populated area (rural area)
62274;3;thinly-populated area (rural area)
62275;3;thinly-populated area (rural area)
62276;3;thinly-populated area (rural area)
62277;3;thinly-populated area (rural area)
62278;3;thinly-populated area (rural area)
62279;3;thinly-populated area (rural area)
62311;3;thinly-populated area (rural area)
62314;3;thinly-populated area (rural area)
62326;3;thinly-populated area (rural area)
62330;3;thinly-populated area (rural area)
62332;3;thinly-populated area (rural area)
62335;3;thinly-populated area (rural area)
62343;3;thinly-populated area (rural area)
62368;3;thinly-populated area (rural area)
62372;3;thinly-populated area (rural area)
62375;3;thinly-populated area (rural area)
62376;2;intermediate density area (towns, suburbs)
62377;3;thinly-populated area (rural area)
62378;3;thinly-populated area (rural area)
62379;2;intermediate density area (towns, suburbs)
62380;3;thinly-populated area (rural area)
62381;3;thinly-populated area (rural area)
62382;3;thinly-populated area (rural area)
62383;3;thinly-populated area (rural area)
62384;3;thinly-populated area (rural area)
62385;3;thinly-populated area (rural area)
62386;3;thinly-populated area (rural area)
62387;3;thinly-populated area (rural area)
62388;3;thinly-populated area (rural area)
62389;3;thinly-populated area (rural area)
62390;3;thinly-populated area (rural area)
70101;1;densely populated area (cities/urban centres/urban areas)
70201;3;thinly-populated area (rural area)
70202;3;thinly-populated area (rural area)
70203;2;intermediate density area (towns, suburbs)
70204;3;thinly-populated area (rural area)
70205;3;thinly-populated area (rural area)
70206;2;intermediate density area (towns, suburbs)
70207;2;intermediate density area (towns, suburbs)
70208;3;thinly-populated area (rural area)
70209;3;thinly-populated area (rural area)
70210;3;thinly-populated area (rural area)
70211;3;thinly-populated area (rural area)
70212;3;thinly-populated area (rural area)
70213;3;thinly-populated area (rural area)
70214;3;thinly-populated area (rural area)
70215;3;thinly-populated area (rural area)
70216;3;thinly-populated area (rural area)
70217;3;thinly-populated area (rural area)
70218;3;thinly-populated area (rural area)
70219;3;thinly-populated area (rural area)
70220;3;thinly-populated area (rural area)
70221;3;thinly-populated area (rural area)
70222;3;thinly-populated area (rural area)
70223;3;thinly-populated area (rural area)
70224;3;thinly-populated area (rural area)
70301;2;intermediate density area (towns, suburbs)
70302;2;intermediate density area (towns, suburbs)
70303;2;intermediate density area (towns, suburbs)
70304;2;intermediate density area (towns, suburbs)
70305;2;intermediate density area (towns, suburbs)
70306;2;intermediate density area (towns, suburbs)
70307;3;thinly-populated area (rural area)
70308;3;thinly-populated area (rural area)
70309;2;intermediate density area (towns, suburbs)
70310;2;intermediate density area (towns, suburbs)
70311;3;thinly-populated area (rural area)
70312;2;intermediate density area (towns, suburbs)
70313;3;thinly-populated area (rural area)
70314;3;thinly-populated area (rural area)
70315;3;thinly-populated area (rural area)
70317;3;thinly-populated area (rural area)
70318;3;thinly-populated area (rural area)
70319;3;thinly-populated area (rural area)
70320;2;intermediate density area (towns, suburbs)
70322;3;thinly-populated area (rural area)
70323;3;thinly-populated area (rural area)
70325;2;intermediate density area (towns, suburbs)
70326;3;thinly-populated area (rural area)
70327;3;thinly-populated area (rural area)
70328;2;intermediate density area (towns, suburbs)
70329;2;intermediate density area (towns, suburbs)
70330;3;thinly-populated area (rural area)
70331;3;thinly-populated area (rural area)
70332;2;intermediate density area (towns, suburbs)
70333;3;thinly-populated area (rural area)
70334;3;thinly-populated area (rural area)
70335;3;thinly-populated area (rural area)
70336;3;thinly-populated area (rural area)
70337;2;intermediate density area (towns, suburbs)
70338;3;thinly-populated area (rural area)
70339;3;thinly-populated area (rural area)
70340;2;intermediate density area (towns, suburbs)
70341;3;thinly-populated area (rural area)
70342;3;thinly-populated area (rural area)
70343;3;thinly-populated area (rural area)
70344;3;thinly-populated area (rural area)
70345;3;thinly-populated area (rural area)
70346;2;intermediate density area (towns, suburbs)
70347;3;thinly-populated area (rural area)
70348;3;thinly-populated area (rural area)
70349;3;thinly-populated area (rural area)
70350;2;intermediate density area (towns, suburbs)
70351;3;thinly-populated area (rural area)
70352;3;thinly-populated area (rural area)
70353;2;intermediate density area (towns, suburbs)
70354;2;intermediate density area (towns, suburbs)
70355;3;thinly-populated area (rural area)
70356;3;thinly-populated area (rural area)
70357;2;intermediate density area (towns, suburbs)
70358;2;intermediate density area (towns, suburbs)
70359;3;thinly-populated area (rural area)
70360;3;thinly-populated area (rural area)
70361;2;intermediate density area (towns, suburbs)
70362;3;thinly-populated area (rural area)
70364;2;intermediate density area (towns, suburbs)
70365;2;intermediate density area (towns, suburbs)
70366;3;thinly-populated area (rural area)
70367;2;intermediate density area (towns, suburbs)
70368;3;thinly-populated area (rural area)
70369;2;intermediate density area (towns, suburbs)
70401;3;thinly-populated area (rural area)
70402;3;thinly-populated area (rural area)
70403;3;thinly-populated area (rural area)
70404;3;thinly-populated area (rural area)
70405;3;thinly-populated area (rural area)
70406;3;thinly-populated area (rural area)
70407;3;thinly-populated area (rural area)
70408;3;thinly-populated area (rural area)
70409;3;thinly-populated area (rural area)
70410;3;thinly-populated area (rural area)
70411;2;intermediate density area (towns, suburbs)
70412;3;thinly-populated area (rural area)
70413;3;thinly-populated area (rural area)
70414;3;thinly-populated area (rural area)
70415;3;thinly-populated area (rural area)
70416;2;intermediate density area (towns, suburbs)
70417;3;thinly-populated area (rural area)
70418;3;thinly-populated area (rural area)
70419;3;thinly-populated area (rural area)
70420;3;thinly-populated area (rural area)
70501;3;thinly-populated area (rural area)
70502;2;intermediate density area (towns, suburbs)
70503;2;intermediate density area (towns, suburbs)
70504;3;thinly-populated area (rural area)
70505;3;thinly-populated area (rural area)
70506;2;intermediate density area (towns, suburbs)
70508;2;intermediate density area (towns, suburbs)
70509;3;thinly-populated area (rural area)
70510;3;thinly-populated area (rural area)
70511;2;intermediate density area (towns, suburbs)
70512;2;intermediate density area (towns, suburbs)
70513;2;intermediate density area (towns, suburbs)
70514;2;intermediate density area (towns, suburbs)
70515;3;thinly-populated area (rural area)
70516;3;thinly-populated area (rural area)
70517;3;thinly-populated area (rural area)
70518;2;intermediate density area (towns, suburbs)
70519;3;thinly-populated area (rural area)
70520;2;intermediate density area (towns, suburbs)
70521;2;intermediate density area (towns, suburbs)
70522;2;intermediate density area (towns, suburbs)
70523;3;thinly-populated area (rural area)
70524;3;thinly-populated area (rural area)
70525;3;thinly-populated area (rural area)
70526;3;thinly-populated area (rural area)
70527;3;thinly-populated area (rural area)
70528;3;thinly-populated area (rural area)
70529;3;thinly-populated area (rural area)
70530;3;thinly-populated area (rural area)
70531;2;intermediate density area (towns, suburbs)
70601;3;thinly-populated area (rural area)
70602;3;thinly-populated area (rural area)
70603;3;thinly-populated area (rural area)
70604;3;thinly-populated area (rural area)
70605;3;thinly-populated area (rural area)
70606;3;thinly-populated area (rural area)
70607;3;thinly-populated area (rural area)
70608;3;thinly-populated area (rural area)
70609;3;thinly-populated area (rural area)
70610;3;thinly-populated area (rural area)
70611;3;thinly-populated area (rural area)
70612;3;thinly-populated area (rural area)
70613;3;thinly-populated area (rural area)
70614;2;intermediate density area (towns, suburbs)
70615;3;thinly-populated area (rural area)
70616;3;thinly-populated area (rural area)
70617;3;thinly-populated area (rural area)
70618;3;thinly-populated area (rural area)
70619;3;thinly-populated area (rural area)
70620;3;thinly-populated area (rural area)
70621;3;thinly-populated area (rural area)
70622;3;thinly-populated area (rural area)
70623;3;thinly-populated area (rural area)
70624;3;thinly-populated area (rural area)
70625;3;thinly-populated area (rural area)
70626;2;intermediate density area (towns, suburbs)
70627;3;thinly-populated area (rural area)
70628;3;thinly-populated area (rural area)
70629;3;thinly-populated area (rural area)
70630;3;thinly-populated area (rural area)
70701;3;thinly-populated area (rural area)
70702;3;thinly-populated area (rural area)
70703;3;thinly-populated area (rural area)
70704;3;thinly-populated area (rural area)
70705;3;thinly-populated area (rural area)
70706;3;thinly-populated area (rural area)
70707;2;intermediate density area (towns, suburbs)
70708;2;intermediate density area (towns, suburbs)
70709;3;thinly-populated area (rural area)
70710;3;thinly-populated area (rural area)
70711;3;thinly-populated area (rural area)
70712;3;thinly-populated area (rural area)
70713;3;thinly-populated area (rural area)
70714;3;thinly-populated area (rural area)
70715;3;thinly-populated area (rural area)
70716;2;intermediate density area (towns, suburbs)
70717;3;thinly-populated area (rural area)
70718;3;thinly-populated area (rural area)
70719;3;thinly-populated area (rural area)
70720;3;thinly-populated area (rural area)
70721;3;thinly-populated area (rural area)
70723;3;thinly-populated area (rural area)
70724;3;thinly-populated area (rural area)
70725;3;thinly-populated area (rural area)
70726;3;thinly-populated area (rural area)
70727;3;thinly-populated area (rural area)
70728;3;thinly-populated area (rural area)
70729;3;thinly-populated area (rural area)
70731;3;thinly-populated area (rural area)
70732;3;thinly-populated area (rural area)
70733;3;thinly-populated area (rural area)
70734;3;thinly-populated area (rural area)
70735;3;thinly-populated area (rural area)
70801;3;thinly-populated area (rural area)
70802;3;thinly-populated area (rural area)
70803;3;thinly-populated area (rural area)
70804;3;thinly-populated area (rural area)
70805;2;intermediate density area (towns, suburbs)
70806;3;thinly-populated area (rural area)
70807;3;thinly-populated area (rural area)
70808;3;thinly-populated area (rural area)
70809;3;thinly-populated area (rural area)
70810;3;thinly-populated area (rural area)
70811;3;thinly-populated area (rural area)
70812;3;thinly-populated area (rural area)
70813;3;thinly-populated area (rural area)
70814;3;thinly-populated area (rural area)
70815;3;thinly-populated area (rural area)
70816;2;intermediate density area (towns, suburbs)
70817;3;thinly-populated area (rural area)
70818;3;thinly-populated area (rural area)
70819;3;thinly-populated area (rural area)
70820;2;intermediate density area (towns, suburbs)
70821;3;thinly-populated area (rural area)
70822;3;thinly-populated area (rural area)
70823;3;thinly-populated area (rural area)
70824;3;thinly-populated area (rural area)
70825;3;thinly-populated area (rural area)
70826;3;thinly-populated area (rural area)
70827;3;thinly-populated area (rural area)
70828;2;intermediate density area (towns, suburbs)
70829;3;thinly-populated area (rural area)
70830;3;thinly-populated area (rural area)
70831;3;thinly-populated area (rural area)
70832;3;thinly-populated area (rural area)
70833;3;thinly-populated area (rural area)
70834;3;thinly-populated area (rural area)
70835;2;intermediate density area (towns, suburbs)
70836;3;thinly-populated area (rural area)
70837;3;thinly-populated area (rural area)
70901;3;thinly-populated area (rural area)
70902;3;thinly-populated area (rural area)
70903;3;thinly-populated area (rural area)
70904;3;thinly-populated area (rural area)
70905;2;intermediate density area (towns, suburbs)
70907;3;thinly-populated area (rural area)
70908;3;thinly-populated area (rural area)
70909;2;intermediate density area (towns, suburbs)
70910;3;thinly-populated area (rural area)
70911;3;thinly-populated area (rural area)
70912;3;thinly-populated area (rural area)
70913;3;thinly-populated area (rural area)
70914;3;thinly-populated area (rural area)
70915;3;thinly-populated area (rural area)
70916;3;thinly-populated area (rural area)
70917;2;intermediate density area (towns, suburbs)
70918;3;thinly-populated area (rural area)
70920;3;thinly-populated area (rural area)
70921;3;thinly-populated area (rural area)
70922;2;intermediate density area (towns, suburbs)
70923;3;thinly-populated area (rural area)
70924;3;thinly-populated area (rural area)
70925;3;thinly-populated area (rural area)
70926;2;intermediate density area (towns, suburbs)
70927;2;intermediate density area (towns, suburbs)
70928;2;intermediate density area (towns, suburbs)
70929;3;thinly-populated area (rural area)
70930;3;thinly-populated area (rural area)
70931;3;thinly-populated area (rural area)
70932;3;thinly-populated area (rural area)
70933;3;thinly-populated area (rural area)
70934;3;thinly-populated area (rural area)
70935;2;intermediate density area (towns, suburbs)
70936;2;intermediate density area (towns, suburbs)
70937;3;thinly-populated area (rural area)
70938;3;thinly-populated area (rural area)
70939;2;intermediate density area (towns, suburbs)
70940;2;intermediate density area (towns, suburbs)
70941;3;thinly-populated area (rural area)
80101;3;thinly-populated area (rural area)
80102;3;thinly-populated area (rural area)
80103;2;intermediate density area (towns, suburbs)
80104;2;intermediate density area (towns, suburbs)
80105;3;thinly-populated area (rural area)
80106;2;intermediate density area (towns, suburbs)
80107;3;thinly-populated area (rural area)
80108;3;thinly-populated area (rural area)
80109;3;thinly-populated area (rural area)
80110;3;thinly-populated area (rural area)
80111;3;thinly-populated area (rural area)
80112;3;thinly-populated area (rural area)
80113;3;thinly-populated area (rural area)
80114;3;thinly-populated area (rural area)
80115;2;intermediate density area (towns, suburbs)
80116;2;intermediate density area (towns, suburbs)
80117;2;intermediate density area (towns, suburbs)
80118;3;thinly-populated area (rural area)
80119;3;thinly-populated area (rural area)
80120;3;thinly-populated area (rural area)
80121;3;thinly-populated area (rural area)
80122;2;intermediate density area (towns, suburbs)
80123;3;thinly-populated area (rural area)
80124;3;thinly-populated area (rural area)
80125;2;intermediate density area (towns, suburbs)
80126;2;intermediate density area (towns, suburbs)
80127;3;thinly-populated area (rural area)
80128;3;thinly-populated area (rural area)
80129;3;thinly-populated area (rural area)
80201;3;thinly-populated area (rural area)
80202;3;thinly-populated area (rural area)
80203;3;thinly-populated area (rural area)
80204;3;thinly-populated area (rural area)
80205;3;thinly-populated area (rural area)
80206;3;thinly-populated area (rural area)
80207;2;intermediate density area (towns, suburbs)
80208;3;thinly-populated area (rural area)
80209;3;thinly-populated area (rural area)
80210;3;thinly-populated area (rural area)
80211;3;thinly-populated area (rural area)
80212;3;thinly-populated area (rural area)
80213;2;intermediate density area (towns, suburbs)
80214;2;intermediate density area (towns, suburbs)
80215;2;intermediate density area (towns, suburbs)
80216;3;thinly-populated area (rural area)
80217;2;intermediate density area (towns, suburbs)
80218;2;intermediate density area (towns, suburbs)
80219;3;thinly-populated area (rural area)
80220;2;intermediate density area (towns, suburbs)
80221;3;thinly-populated area (rural area)
80222;3;thinly-populated area (rural area)
80223;3;thinly-populated area (rural area)
80224;2;intermediate density area (towns, suburbs)
80225;3;thinly-populated area (rural area)
80226;2;intermediate density area (towns, suburbs)
80227;3;thinly-populated area (rural area)
80228;3;thinly-populated area (rural area)
80229;3;thinly-populated area (rural area)
80230;3;thinly-populated area (rural area)
80231;3;thinly-populated area (rural area)
80232;3;thinly-populated area (rural area)
80233;3;thinly-populated area (rural area)
80234;3;thinly-populated area (rural area)
80235;2;intermediate density area (towns, suburbs)
80236;3;thinly-populated area (rural area)
80237;3;thinly-populated area (rural area)
80238;3;thinly-populated area (rural area)
80239;3;thinly-populated area (rural area)
80240;2;intermediate density area (towns, suburbs)
80301;2;intermediate density area (towns, suburbs)
80302;2;intermediate density area (towns, suburbs)
80303;2;intermediate density area (towns, suburbs)
80401;2;intermediate density area (towns, suburbs)
80402;2;intermediate density area (towns, suburbs)
80403;3;thinly-populated area (rural area)
80404;2;intermediate density area (towns, suburbs)
80405;2;intermediate density area (towns, suburbs)
80406;3;thinly-populated area (rural area)
80407;2;intermediate density area (towns, suburbs)
80408;2;intermediate density area (towns, suburbs)
80409;2;intermediate density area (towns, suburbs)
80410;2;intermediate density area (towns, suburbs)
80411;3;thinly-populated area (rural area)
80412;2;intermediate density area (towns, suburbs)
80413;3;thinly-populated area (rural area)
80414;2;intermediate density area (towns, suburbs)
80415;3;thinly-populated area (rural area)
80416;2;intermediate density area (towns, suburbs)
80417;2;intermediate density area (towns, suburbs)
80418;2;intermediate density area (towns, suburbs)
80419;2;intermediate density area (towns, suburbs)
80420;2;intermediate density area (towns, suburbs)
80421;3;thinly-populated area (rural area)
80422;3;thinly-populated area (rural area)
80423;2;intermediate density area (towns, suburbs)
80424;3;thinly-populated area (rural area)
90001;1;densely populated area (cities/urban centres/urban areas)
